{"posicion":{"x":-160.72154235839845,"y":-75.4979248046875,"z":0.0}}