{"position":{"x":-57.299503326416019,"y":-61.07484817504883,"z":0.0},"health":100}