{"position":{"x":-114.82038879394531,"y":-176.4950408935547,"z":0.0},"health":100}