{"position":{"x":-114.76851654052735,"y":-176.57054138183595,"z":0.0},"health":100}