{"position":{"x":-114.84376525878906,"y":-176.5718536376953,"z":0.0},"health":10}