{"position":{"x":-44.326194763183597,"y":-60.49312973022461,"z":0.0},"health":100}