{"position":{"x":-238.79998779296876,"y":-66.49278259277344,"z":0.0},"health":100}
