{"position":{"x":-109.53910064697266,"y":-5.028633117675781,"z":0.0},"health":100}