{"position":{"x":-61.71834182739258,"y":-61.04083251953125,"z":0.0},"health":100}