{"position":{"x":-141.21954345703126,"y":-75.49378204345703,"z":0.0}}