{"position":{"x":-57.248294830322269,"y":-61.075538635253909,"z":0.0},"health":100}