{"position":{"x":-114.7928695678711,"y":-176.5725860595703,"z":0.0},"health":100}