{"position":{"x":-114.82042694091797,"y":-174.36875915527345,"z":0.0},"health":100}