{"position":{"x":-57.38802719116211,"y":-61.07154083251953,"z":0.0},"health":100}