{"position":{"x":-114.73611450195313,"y":-176.5708465576172,"z":0.0},"health":100}