{"position":{"x":-61.214839935302737,"y":-61.92618942260742,"z":0.0},"health":100,"openDoors":[false,true]}