{"position":{"x":-57.271385192871097,"y":-61.07154083251953,"z":0.0},"health":100}