{"position":{"x":-119.03811645507813,"y":-176.48236083984376,"z":0.0},"health":100}