{"position":{"x":-61.78710174560547,"y":-61.01029586791992,"z":0.0},"health":-10}