{"position":{"x":-57.344512939453128,"y":-61.07051467895508,"z":0.0},"health":100}