{"position":{"x":-57.68125915527344,"y":-61.071434020996097,"z":0.0},"health":100}