{"position":{"x":-57.21840286254883,"y":-61.07447052001953,"z":0.0},"health":100}