{"position":{"x":-57.29716873168945,"y":-61.071563720703128,"z":0.0},"health":100}