{"position":{"x":-62.06277084350586,"y":-59.73707962036133,"z":0.0},"health":100}