{"position":{"x":-114.73812866210938,"y":-176.5708465576172,"z":0.0},"health":70}