{"position":{"x":-119.1922607421875,"y":-176.57228088378907,"z":0.0},"health":85}