{"position":{"x":-57.25870132446289,"y":-61.07154083251953,"z":0.0},"health":100}