{"position":{"x":-57.1882209777832,"y":-61.0443229675293,"z":0.0},"health":-100}