{"position":{"x":-59.49589920043945,"y":-61.04148483276367,"z":0.0}}