{"position":{"x":-62.14662551879883,"y":-60.82466125488281,"z":0.0}}