{"position":{"x":-197.09988403320313,"y":-38.054805755615237,"z":0.0}}